[     
	{         
	"author" : "Sn34KeRz_Off",         
	"name" : "Sn34KeRz - Thème Pink Full",         
	"keyWords" : "Sn34KeRz",         
	"version" : "2.54",         
	"dofusVersion" : "2.54",         
	"description" : "Thème développé par @Sn34KeRz_Off.",         
	"url" : "https://github.com/PoulSn34KeRz/Sn34KeRz_Theme-Pink-Full/blob/master/Sn34KeRz-Pink-Full.zip?raw=true",         
	"previewUrl" : "https://github.com/PoulSn34KeRz/Sn34KeRz_Theme-Pink-Full/blob/master/Sn34KeRz-Pink-Full.jpg?raw=true",         
	"creationDate" : "02/02/2020",         
	"modificationDate" : "02/02/2020"     
	}
]